key,key:patronage,serialNumber,creationMoment,memorandum,optionalLink
patronagereport-001,patronage-001,1,"2022/03/02 12:00","Memorandum1",null
patronagereport-002,patronage-002,2,"2022/03/03 12:00","Memorandum2","https://ev.us.es/"
patronagereport-003,patronage-003,3,"2022/03/04 12:00","Memorandum3","https://ev.us.es/"
patronagereport-004,patronage-004,4,"2022/03/05 12:00","Memorandum4","https://ev.us.es/"
patronagereport-005,patronage-005,5,"2022/03/06 12:00","Memorandum5",null
patronagereport-006,patronage-006,6,"2022/03/07 12:00","Memorandum6","https://ev.us.es/"
patronagereport-007,patronage-007,7,"2022/03/08 12:00","Memorandum7",null
patronagereport-008,patronage-001,8,"2022/03/09 12:00","Memorandum8","https://ev.us.es/"
patronagereport-009,patronage-001,9,"2022/03/10 12:00","Memorandum9","https://ev.us.es/"
patronagereport-010,patronage-007,10,"2022/03/11 12:00","Memorandum10",null
patronagereport-011,patronage-007,11,"2022/03/12 12:00","Memorandum11","https://ev.us.es/"
patronagereport-012,patronage-007,12,"2022/03/13 12:00","Memorandum12",null